,# threads,av. # a per q,av. # w per q,av. # w per t,% dups,av. # d per q
android,23697.0,1.2862809638350845,90.91252057222434,210.9127737688315,6.663290711904461,0.07228763134573997
gis,38522.0,1.3197912880951146,118.83811847775297,249.87864077669903,2.852915217278438,0.02897045843933337
physics,38522.0,1.3197912880951146,118.83811847775297,249.87864077669903,2.852915217278438,0.02897045843933337
stats,38522.0,1.3197912880951146,118.83811847775297,249.87864077669903,2.852915217278438,0.02897045843933337
